{
    "loss": 0.7113427519798279,
    "accuracy": 0.45098039507865906
}