{
    "loss": 0.7538326978683472,
    "accuracy": 0.843137264251709
}