{
    "loss": 26.081390380859375,
    "accuracy": 0.5686274766921997
}